Workbook

Sheet Sheet1
B1: Property | C1: Diesel Stock Level | F1: Property | G1: Diesel Consumed | J1: Property | K1: Total Hours | P1: Property | Q1: Diesel Reserve Level
B2: Venus (small) | C2: 330.6 | F2: Venus (small) | G2: 6.6 | J2: Venus (small) | K2: 1.97 | P2: April | Q2: 0
B3: Venus (big) | C3: 158.25 | F3: Venus (big) | G3: 0 | J3: Venus (big) | K3: 0 | P3: Xii-Lungi | Q3: 0
B4: April (small) | C4: 360 | F4: April (small) | G4: 15 | J4: April (small) | K4: 2.27 | P4: Niche | Q4: 0
B5: Summer | C5: 180 | F5: Summer | G5: 0 | J5: Summer | K5: 0 | P5: Libreville | Q5: 240
B6: April (BIG) | C6: 205 | F6: April (BIG) (Est) | G6: 0 | J6: April (BIG) (Est) | K6: 0
B7: Valley | C7: 0 | F7: Valley | G7: 0 | J7: Valley | K7: 0 | P7: Tranquillo | Q7: 0
B8: Xii-Lungi | C8: 95 | F8: Xii-Lungi | G8: 13 | J8: Xii-Lungi | K8: 3 | P8: Stazia | Q8: 0
B9: Niche | C9: 124.5 | F9: Niche | G9: 2 | J9: Niche | K9: 1.74 | P9: Venus | Q9: 0
B10: Stazia(small) | C10: 450 | F10: Stazia(small) | G10: 25 | J10: Stazia(small) | K10: 0 | P10: Guzape | Q10: 0
B11: Stazia(big) | C11: 450 | F11: Stazia(big) | G11: 0 | J11: Stazia(big) | K11: 0 | P11: Valley | Q11: 0
B12: Libreville (small) | C12: 100 | F12: Libreville (small) | G12: 28 | J12: Libreville (small) | K12: 1.65
B13: Libreville (big) | C13: 100 | F13: Libreville (big) | G13: 0 | J13: Libreville (big) | K13: 0
B14: Guzape | C14: 223.07 | F14: Guzape | G14: 0 | J14: Guzape | K14: 0
B15: Tranquilo (small) | C15: 283 | F15: Tranquilo (small) | G15: 0 | J15: Tranquilo (small) | K15: 0
B16: Tranquilo (big) | C16: 402 | F16: Tranquilo (big) | G16: 0 | J16: Tranquilo (big) | K16: 0
B20: Property | C20: Diesel Stock Level | F20: Property | G20: Diesel Consumed | J20: Property | K20: Hours
B21: Takum | C21: 1000 | F21: Takum | G21: 0 | J21: Takum | K21: 0
B22: Anchorage Hills | C22: 0 | F22: Anchorage Hills | G22: 0 | J22: Anchorage Hiils | K22: 0
G61: 11

Sheet Diesel Stock Level
B2: Property | C2: Diesel Stock Level
B3: Venus Small | C3: =SUM(Sheet1!C2) -> 330.6
B4: Venus Big | C4: =SUM(Sheet1!C3) -> 158.25
B5: April | C5: =(Sheet1!C4) -> 360
B6: Summer | C6: =(Sheet1!C5) -> 180
B7: April | C7: =(Sheet1!C6) -> 205
B8: Valley | C8: =(Sheet1!C7) -> 0
B9: Xii-Lungi | C9: =(Sheet1!C8) -> 95
B10: Niche | C10: =(Sheet1!C9) -> 124.5
B11: Stazia | C11: =(Sheet1!C10) -> 450
B12: Liberville small | C12: =(Sheet1!C12) -> 100
B13: Libreville Big | C13: =Sheet1!C13 -> 100
B14: Guzape | C14: =Sheet1!C14 -> 223.07
B15: Tranquillo big | C15: =Sheet1!C15 -> 283
B16: Tranquillo Small | C16: =Sheet1!C16 -> 402
B17: Apex
C18: =SUM(C3:C15) -> 2609.42

Sheet Diesel Consumed
C2: Property | D2: Diesel Consumed
C3: Venus | D3: =SUM(Sheet1!G2:G3) -> 6.6
C4: April | D4: =Sheet1!G4 -> 15
C5: Summer | D5: =Sheet1!G5 -> 0
C6: April (BIG) (Est) | D6: =(Sheet1!G7) -> 0
C7: Valley | D7: =(Sheet1!G8) -> 13
C8: Xii-Lungi | D8: =(Sheet1!G9) -> 2
C9: Niche | D9: =SUM(Sheet1!G10:G11) -> 25
C10: Stazia | D10: =SUM(Sheet1!G12:G13) -> 28
C11: Libreville | D11: =(Sheet1!G14) -> 0
C12: Guzape | D12: =Sheet1!G16 -> 0
C13: Tranquillo Big | D13: =Sheet1!G15 -> 0
C14: Tranquillo Small | D14: =Sheet1!G5 -> 0
C15: Apex
D16: =SUM(D3:D15) -> 89.6

Sheet Total Hours
C2: Property | D2: Total Hours
C3: Venus | D3: =SUM(Sheet1!K2:K3) -> 1.97
C4: April | D4: =SUM(Sheet1!K4:K4) -> 2.27
C5: Summer | D5: =Sheet1!K5 -> 0
C6: April (BIG) | D6: =Sheet1!K6 -> 0
C7: Valley | D7: =Sheet1!K7 -> 0
C8: Xii-Lungi | D8: =Sheet1!K8 -> 3
C9: Niche | D9: =Sheet1!K9 -> 1.74
C10: Stazia | D10: =SUM(Sheet1!K10:K11) -> 0
C11: Libreville | D11: =SUM(Sheet1!K12:K13) -> 1.65
C12: Guzape | D12: =Sheet1!K14 -> 0
C13: Tranquillo Big | D13: =Sheet1!K15 -> 0
C14: Tranquillo Small | D14: =Sheet1!K15 -> 0
D16: =SUM(D3:D14) -> 10.63
D17: =B19/D16 -> 8.4289746
B19: ='Diesel Consumed'!D16 -> 89.6

Sheet Diesel Reserve
C3: Property | D3: Diesel Reserve Level
C4: April | D4: 0
C5: Xii-Lungi | D5: 0
C6: Niche | D6: 0
C7: Libreville | D7: 240
C8: Tranquillo | D8: 0
C9: Stazia | D9: =(Sheet1!Q8) -> 0
C10: Venus | D10: =(Sheet1!Q9) -> 0
C11: Guzape | D11: 0
C12: Summer | D12: 0
D15: =SUM(D4:D11) -> 240

Sheet Report
Q3: 46288
H4: Generator Usage Daily Report
E5: ss | L5: Total Diesel Usage | Q5: ='Diesel Consumed'!D16 -> 89.6
D6: Total Diesel Consumed in all Properties: | H6: =('Diesel Consumed'!$D$16) -> 89.6 | L6: Total Generator-run Hours across all Properties: | Q6: =('Total Hours'!$D$16) -> 10.63
H7: s | L7: Average Hourly Usage across all Properties: | Q7: =('Total Hours'!$D$17) -> 8.4289746
D19: Total Diesel Stock Level in all Properties: | H19: =('Diesel Stock Level'!$C$18) -> 2609.42 | L19: Total external diesel reserve in all Properties: | Q19: =('Diesel Reserve'!$D$15) -> 240
G34: General Comments and Observations
G35: - Diesel consumption and Generator-run hours are generally satisfactory.

Sheet Report (Monday)
Q3: =TODAY() -> 46289
H4: Generator Usage Daily Report
D6: Total Diesel Consumed in all Properties: | H6: =('Diesel Consumed'!$D$15) -> 0 | L6: Total Generator-run Hours across all Properties: | Q6: =('Total Hours'!$D$16) -> 10.63
L7: Average Hourly Usage across all Properties: | Q7: =('Total Hours'!$D$17) -> 8.4289746
D19: Total Diesel Stock Level in all Properties: | H19: =('Diesel Stock Level'!$C$18) -> 2609.42 | L19: Total external diesel reserve in all Properties: | Q19: =('Diesel Reserve'!$D$15) -> 240
G34: General Comments and Observations
G35: - Diesel consumption and Generator-run hours are generally satisfactory.
G36: - Anchorage hills reading for the past week have been added.
