Workbook

Sheet Sheet1
B1: Property | C1: Diesel Stock Level | F1: Property | G1: Diesel Consumed | J1: Property | K1: Total Hours | P1: Property | Q1: Diesel Reserve Level
B2: Venus (small) | C2: 237.48 | F2: Venus (small) | G2: 6.12 | J2: Venus (small) | K2: 0.48 | P2: April | Q2: 180
B3: Venus (big) | C3: 158.25 | F3: Venus (big) | G3: 0 | J3: Venus (big) | K3: 0 | P3: Xii-Lungi | Q3: 90
B4: April (small) | C4: 135 | F4: April (small) | G4: 109 | J4: April (small) | K4: 13.56 | P4: Niche | Q4: 0
B5: Summer | C5: 150 | F5: Summer | G5: 37 | J5: Summer | K5: 12 | P5: Libreville | Q5: 240
B6: April (BIG) | C6: 205 | F6: April (BIG) (Est) | G6: 0 | J6: April (BIG) (Est) | K6: 0
B7: Valley | C7: 0 | F7: Valley | G7: 0 | J7: Valley | K7: 0 | P7: Tranquillo | Q7: 0
B8: Xii-Lungi | C8: 103.5 | F8: Xii-Lungi | G8: 0 | J8: Xii-Lungi | K8: 0 | P8: Stazia | Q8: 0
B9: Niche | C9: 15 | F9: Niche | G9: 0 | J9: Niche | K9: 1.19 | P9: Venus | Q9: 0
B10: Stazia(small) | C10: 360 | F10: Stazia(small) | G10: 55 | J10: Stazia(small) | K10: 0 | P10: Guzape | Q10: 0
B11: Stazia(big) | C11: 360 | F11: Stazia(big) | G11: 0 | J11: Stazia(big) | K11: 0 | P11: Valley | Q11: 0
B12: Libreville (small) | C12: 54 | F12: Libreville (small) | G12: 1 | J12: Libreville (small) | K12: 1
B13: Libreville (big) | C13: 97.5 | F13: Libreville (big) | G13: 0 | J13: Libreville (big) | K13: 0
B14: Guzape | C14: 95 | F14: Guzape | G14: 108 | J14: Guzape | K14: 20.8
B15: Tranquilo (small) | C15: 203 | F15: Tranquilo (small) | G15: 14 | J15: Tranquilo (small) | K15: 1.5
B16: Tranquilo (big) | C16: 405 | F16: Tranquilo (big) | G16: 0 | J16: Tranquilo (big) | K16: 0
B20: Property | C20: Diesel Stock Level | F20: Property | G20: Diesel Consumed | J20: Property | K20: Hours
B21: Takum | C21: 530 | F21: Takum | G21: 490 | J21: Takum | K21: 29.7
B22: Anchorage Hills | C22: 130 | F22: Anchorage Hills | G22: 70 | J22: Anchorage Hiils | K22: 19.5
G61: 11

Sheet Diesel Stock Level
B2: Property | C2: Diesel Stock Level
B3: Venus Small | C3: =SUM(Sheet1!C2) -> 237.48
B4: Venus Big | C4: =SUM(Sheet1!C3) -> 158.25
B5: April | C5: =(Sheet1!C4) -> 135
B6: Summer | C6: =(Sheet1!C5) -> 150
B7: April | C7: =(Sheet1!C6) -> 205
B8: Valley | C8: =(Sheet1!C7) -> 0
B9: Xii-Lungi | C9: =(Sheet1!C8) -> 103.5
B10: Niche | C10: =(Sheet1!C9) -> 15
B11: Stazia | C11: =(Sheet1!C10) -> 360
B12: Liberville small | C12: =(Sheet1!C12) -> 54
B13: Libreville Big | C13: =Sheet1!C13 -> 97.5
B14: Guzape | C14: =Sheet1!C14 -> 95
B15: Tranquillo big | C15: =Sheet1!C15 -> 203
B16: Tranquillo Small | C16: =Sheet1!C16 -> 405
B17: Apex
C18: =SUM(C3:C15) -> 1813.73

Sheet Diesel Consumed
C2: Property | D2: Diesel Consumed
C3: Venus | D3: =SUM(Sheet1!G2:G3) -> 6.12
C4: April | D4: =Sheet1!G5 -> 37
C5: April (BIG) (Est) | D5: =Sheet1!G6 -> 0
C6: Valley | D6: =(Sheet1!G7) -> 0
C7: Xii-Lungi | D7: =(Sheet1!G8) -> 0
C8: Niche | D8: =(Sheet1!G9) -> 0
C9: Stazia | D9: =SUM(Sheet1!G10:G11) -> 55
C10: Libreville | D10: =SUM(Sheet1!G12:G13) -> 1
C11: Guzape | D11: =(Sheet1!G14) -> 108
C12: Tranquillo Big | D12: =Sheet1!G16 -> 0
C13: Tranquillo Small | D13: =Sheet1!G15 -> 14
C14: Apex | D14: =Sheet1!G5 -> 37
D16: =SUM(D3:D15) -> 258.12

Sheet Total Hours
C2: Property | D2: Total Hours
C3: Venus | D3: =SUM(Sheet1!K2:K3) -> 0.48
C4: April | D4: =SUM(Sheet1!K4:K4) -> 13.56
C5: April (BIG) | D5: =Sheet1!K6 -> 0
C6: Valley | D6: =(Sheet1!K7) -> 0
C7: Xii-Lungi | D7: =(Sheet1!K8) -> 0
C8: Niche | D8: =(Sheet1!K9) -> 1.19
C9: Stazia | D9: =SUM(Sheet1!K10:K11) -> 0
C10: Libreville | D10: =SUM(Sheet1!K12:K13) -> 1
C11: Guzape | D11: =(Sheet1!K14) -> 20.8
C12: Tranquillo Big | D12: =Sheet1!K16 -> 0
C13: Tranquillo Small | D13: =Sheet1!K15 -> 1.5
D16: =SUM(D3:D14) -> 38.53
D17: =B19/D16 -> 6.6991954
B19: ='Diesel Consumed'!D16 -> 258.12

Sheet Diesel Reserve
C3: Property | D3: Diesel Reserve Level
C4: April | D4: 180
C5: Xii-Lungi | D5: 30
C6: Niche | D6: 0
C7: Libreville | D7: 150
C8: Tranquillo | D8: 0
C9: Stazia | D9: =(Sheet1!Q8) -> 0
C10: Venus | D10: =(Sheet1!Q9) -> 0
C11: Guzape | D11: 0
C12: Summer | D12: 0
D15: =SUM(D4:D11) -> 360

Sheet Report
Q3: =TODAY() -> 46280
H4: Generator Usage Daily Report
E5: ss
D6: Total Diesel Consumed in all Properties: | H6: =('Diesel Consumed'!$D$16) -> 258.12 | L6: Total Generator-run Hours across all Properties: | Q6: =('Total Hours'!$D$16) -> 38.53
L7: Average Hourly Usage across all Properties: | Q7: =('Total Hours'!$D$17) -> 6.6991954
D19: Total Diesel Stock Level in all Properties: | H19: =('Diesel Stock Level'!$C$18) -> 1813.73 | L19: Total external diesel reserve in all Properties: | Q19: =('Diesel Reserve'!$D$15) -> 360
G34: General Comments and Observations
G35: - Diesel consumption and Generator-run hours are generally satisfactory.

Sheet Report (Monday)
Q3: =TODAY() -> 46280
H4: Generator Usage Daily Report
D6: Total Diesel Consumed in all Properties: | H6: =('Diesel Consumed'!$D$15) -> 0 | L6: Total Generator-run Hours across all Properties: | Q6: =('Total Hours'!$D$16) -> 38.53
L7: Average Hourly Usage across all Properties: | Q7: =('Total Hours'!$D$17) -> 6.6991954
D19: Total Diesel Stock Level in all Properties: | H19: =('Diesel Stock Level'!$C$18) -> 1813.73 | L19: Total external diesel reserve in all Properties: | Q19: =('Diesel Reserve'!$D$15) -> 360
G34: General Comments and Observations
G35: - Diesel consumption and Generator-run hours are generally satisfactory.
G36: - Anchorage hills reading for the past week have been added.
